question_id,date_utc,question,why_now,candidate_options,selected_option,selection_reason,evidence_needed,result,next_question,status
Q20260629-01,2026-06-29,Does aggressive daily submission usage improve calibration enough to justify using 4-5 slots?,"Public score is the only true feedback signal, but submissions are capped.",Conservative 1-2 submissions per day | aggressive 4-5 designed submissions per day | mixed schedule near deadlines,aggressive 4-5 designed submissions per day,More public-score observations improve low-dimensional calibration if candidates are audited and non-duplicate.,daily submission ledger plus public scores,,Define the first daily batch template.,open
Q20260629-02,2026-06-29,What should drive each batch of work?,Avoid disconnected parameter tweaks and public leaderboard overfit.,Ad hoc candidate edits | question-driven batch loop | fixed model-only roadmap,question-driven batch loop,Questions force each submission to answer a reusable uncertainty and produce the next decision.,goal file review and future batch records,"Goal file updated with batch-level question loop, option selection rubric, and review cadence.",Create first concrete candidate question backlog.,complete
Q20260629-03,2026-06-29,What should the first executable batch test now that static replay is known risky?,"Two same-day static Sunny notebooks completed with blank public score, while Henry hidden-compatible retry is still pending.",Repeat static replay | run a hidden-compatible baseline reproduction under joezzzzz | wait for Henry only | prepare GR/typewell structural candidate,run a hidden-compatible baseline reproduction under joezzzzz plus prepare GR/typewell structural candidate,A reproducible baseline kernel under the active account is needed before aggressive batches; static replay should be blocked and Henry pending should not stop independent preparation.,"kernel push/status, output audit, and updated ledger",Pushed joezzzzz/rogii-lucifer-baseline-repro-codex version 1; kernel COMPLETE; output downloaded; local pre-submit audit PASS; official submission 54174151 PENDING.,Poll official submission 54174151; if it reproduces the 7.235-ish baseline, close baseline reproduction and use it as the active-account anchor.,open
Q20260629-04,2026-06-29,Which first structural candidate should we prepare while the baseline reproduction runs?,We need non-parameter ideas to avoid overfitting blend weights and to support a future 4-5 submission batch.,Light GR/typewell correction on baseline | pure GR alignment path search | per-well gate between baseline and GR alignment | artifact-stack branch,light GR/typewell correction on baseline plus per-well gate design,A light correction is lower risk and can be audited against baseline; the gate design can decide whether to apply it only on wells with strong alignment evidence.,"pseudo-CV, shape audit, distance to 7.235 baseline, and one future public score if it passes",Added Q20260629-B02 and Q20260629-B03 to the prioritized backlog; wrote GR/typewell plan; implemented local builder; generated alpha 0.10 candidate with audit PASS, 2 corrected wells, RMSE delta vs baseline 0.3495, risk near_duplicate_low_upside.,Wait for 54174151 score before deciding whether to run alpha 0.20 or port the builder to a Kaggle notebook.,open
Q20260629-05,2026-06-29,How should the goal enforce continuous question-driven strategy decisions?,The previous goal described the loop but needed a concrete mechanism for generating questions, comparing options, choosing a batch, and reviewing the plan.,Keep informal notes only | add a prioritized question backlog | hardcode a fixed model roadmap,add a prioritized question backlog plus branch rules and model idea sources,A live backlog keeps the work adaptive while preventing vague parameter-only experiments. Branch rules make each result immediately actionable.,"goal file review, backlog rows, README reference","Updated the goal with continuous question engine, model idea sources, anti-overfit rules, result branch rules, and Batch A-D roadmap; added experiments/question_backlog.csv.",Use the backlog as the entry point for the next execution batch.,complete
Q20260629-06,2026-06-29,What should use the fifth official submission slot while baseline and Henry scores are pending?,The daily target is 4-5 informative submissions, and the GR alpha 0.10/0.20 probes are safe but too close to baseline to be high-value fifth-slot candidates.,Submit GR alpha 0.10 | submit GR alpha 0.20 | submit standalone fleongg pretrained branch | wait without using fifth slot,standalone fleongg pretrained branch via a dedicated branch kernel,Fleongg branch has format audit PASS and RMSE delta 3.6812 vs baseline, making it more informative than GR alpha probes; direct middle-file submission failed with Kaggle 400 so the correct route is a kernel whose final output is submission.csv.,"kernel status, output audit, official public score","Version 1 completed but final submission.csv matched baseline and was rejected before official submission; version 2 fixed the override, final submission.csv equaled the fleongg branch, audit PASS, and official submission 54174876 is PENDING.",Poll submission 54174876; compare score against 54174151 once both finish.,open
Q20260629-07,2026-06-29,How should Codex turn the goal into a continuous decision loop?,The user asked for a system where Codex repeatedly proposes concrete questions, compares multiple options, chooses the best option set, executes a batch, then reviews the whole project and generates new decisions.,Informal conversation only | detailed goal-file protocol | external task board | fixed model roadmap,detailed goal-file protocol with backlog and decision-log enforcement,The goal file is the durable contract already used by the repo; adding a concrete protocol keeps future work adaptive without creating a separate process silo.,"goal file protocol, README reference, backlog control row, execution log update","Added Codex Decision Protocol with required question categories, option lanes, scoring rule, batch shape, review contract, outcome branching, and human escalation boundary; added Q20260629-B11 as an active process-control backlog row.",Apply this protocol to the next pending-score review and reference-notebook preflight batch.,complete
Q20260629-08,2026-06-29,Which reference notebook should be prepared while official scores are still pending?,"Baseline 54174151, Henry 54162612, and fleongg 54174876 are still pending, so dependent calibration should wait while independent preflight work continues.",Run Degnonguidi 7.159 no-submit kernel | run Baidalin 7.201 no-submit kernel | wait for scores only | patch audit before any reference run,run Degnonguidi 7.159 no-submit kernel and hold Baidalin until patched,Degnonguidi passed source audit and has higher upside as a 7.159 reference; Baidalin failed source audit on hardcoded visible well and unsafe train/test TVT_input row copy, so running it now would risk repeating hidden-compatibility mistakes.,"source audit JSON, metadata review, Kaggle kernel status, later output audit","Degnonguidi source audit PASS; forked to joezzzzz/rogii-degnonguidi-7159-preflight-codex and pushed version 1; kernel status RUNNING. Baidalin source audit FAIL and is held for fix-required review.",When Degnonguidi completes, download output and run pre-submit/distance audit; if it fails, add the failure to audit rules before choosing the next reference.,open
Q20260629-09,2026-06-29,What validation work should proceed while official scores and Degnonguidi preflight are pending?,"External feedback is still pending, but the next completed kernel output will need stronger pre-submit checks before any official slot is spent.",Wait only | implement deep pre-submit audit | start pseudo-test CV | patch Baidalin first,implement deep pre-submit audit,Deep audit is immediately reusable for any completed output and directly reduces the risk of submitting physically implausible or duplicate candidates; pseudo-CV is still important but larger in scope.,"py_compile, baseline deep audit, fleongg deep audit, updated backlog/report","Extended scripts/pre_submit_audit.py with data-dir shape metrics and reference-distance checks; baseline self-distance RMSE 0.0; fleongg distance to baseline RMSE 3.9210524667990643; both audits PASS with risk_status PASS.",Run deep audit on Degnonguidi output when kernel completes; then add standard known-good/known-bad reference bundle.,complete
